experiment_id,scenario_id,mode,partition_point,load_model_name,load_rps_target,duration_s,mode_command_sent_ts,mode_confirmed_ts,load_command_sent_ts,load_confirmed_ts,load_stop_ts,analysis_start_ts,analysis_end_ts,status
test1,1,full_server,,resnet50_full,20.0,20.0,1777296090.5060768,1777296090.5631926,1777296093.7542255,1777296094.1355639,1777296119.4389253,1777296099.3805912,1777296119.3805912,completed
test1,2,full_server,,resnet50_full,40.0,20.0,1777296129.546788,1777296129.5782561,1777296132.7733033,1777296133.8195071,1777296156.222436,1777296136.03789,1777296156.03789,completed
test1,3,full_server,,resnet50_full,90.0,20.0,1777296166.3043246,1777296166.3976626,1777296169.4810126,1777296170.3620112,1777296192.698244,1777296172.5213861,1777296192.5213861,completed
